-- phpMyAdmin SQL Dump
-- version 4.8.0
-- https://www.phpmyadmin.net/
--
-- Host: 127.0.0.1
-- Generation Time: Sep 30, 2018 at 10:46 AM
-- Server version: 10.1.31-MariaDB
-- PHP Version: 7.2.4

SET SQL_MODE = "NO_AUTO_VALUE_ON_ZERO";
SET AUTOCOMMIT = 0;
START TRANSACTION;
SET time_zone = "+00:00";


/*!40101 SET @OLD_CHARACTER_SET_CLIENT=@@CHARACTER_SET_CLIENT */;
/*!40101 SET @OLD_CHARACTER_SET_RESULTS=@@CHARACTER_SET_RESULTS */;
/*!40101 SET @OLD_COLLATION_CONNECTION=@@COLLATION_CONNECTION */;
/*!40101 SET NAMES utf8mb4 */;

--
-- Database: `somstore`
--

-- --------------------------------------------------------

--
-- Table structure for table `category`
--

CREATE TABLE `category` (
  `Category_ID` int(255) NOT NULL,
  `Category_Name` varchar(123) NOT NULL,
  `Discription` varchar(255) NOT NULL,
  `Picture` varchar(255) NOT NULL
) ENGINE=InnoDB DEFAULT CHARSET=latin1;

--
-- Dumping data for table `category`
--

INSERT INTO `category` (`Category_ID`, `Category_Name`, `Discription`, `Picture`) VALUES
(42, 'Fruits', 'Fressh Fruits', 'l.png'),
(43, 'Baverages', 'Soda And Soft Drinks With Ice-Cream', 'b.png'),
(44, 'Clothes', 'Clothes Dresses', '55.png'),
(45, 'Cleaning Materials ', 'Toilet And House Cleanning', 'ab.png');

-- --------------------------------------------------------

--
-- Table structure for table `chatting`
--

CREATE TABLE `chatting` (
  `id` int(11) NOT NULL,
  `user` varchar(60) NOT NULL,
  `message` varchar(100) NOT NULL,
  `date_time` timestamp NOT NULL DEFAULT CURRENT_TIMESTAMP,
  `ip_address` varchar(40) NOT NULL
) ENGINE=InnoDB DEFAULT CHARSET=latin1;

--
-- Dumping data for table `chatting`
--

INSERT INTO `chatting` (`id`, `user`, `message`, `date_time`, `ip_address`) VALUES
(6, 'Janan Ali', 'Hallo is any budy there?', '2014-08-13 02:01:29', '127.0.0.1'),
(7, 'Abdirasaaq', 'Tell  Me The Black Pepsi', '2014-08-13 02:04:15', '127.0.0.1'),
(8, 'Admin', 'Halo Iam Here', '2014-08-13 02:05:04', '127.0.0.1'),
(9, 'Abdirasaaq', 'How The price of b pepsui', '2014-08-13 02:05:29', '127.0.0.1'),
(10, 'Admin', '!0 dollar at lest', '2014-08-13 02:05:50', '127.0.0.1'),
(11, 'Nimco Qadaafi', 'OO Walaal Tuxaaafa Waa Qaalia WWa sidee', '2014-08-15 04:36:58', '127.0.0.1'),
(12, 'Admin', 'It&#39;s Too Fair According Ware House Mannager', '2014-08-15 04:37:34', '127.0.0.1'),
(13, 'Janan', 'Any Budy There????????????????????', '2014-08-15 05:44:33', '127.0.0.1'),
(14, 'mahamed', 'gudoomiye waran bal', '2014-08-17 17:15:15', '::1'),
(15, 'admin', 'wa khayr sxb sare', '2014-08-17 17:15:39', '::1');

-- --------------------------------------------------------

--
-- Table structure for table `clients`
--

CREATE TABLE `clients` (
  `id` int(10) UNSIGNED NOT NULL,
  `name` varchar(40) DEFAULT NULL,
  `contact` varchar(40) DEFAULT NULL,
  `address` text,
  `phone` varchar(20) DEFAULT NULL,
  `email` varchar(80) DEFAULT NULL,
  `website` varchar(40) DEFAULT NULL,
  `comments` text
) ENGINE=InnoDB DEFAULT CHARSET=latin1;

-- --------------------------------------------------------

--
-- Table structure for table `contact`
--

CREATE TABLE `contact` (
  `contact_id` int(11) NOT NULL,
  `Name` varchar(25) NOT NULL,
  `Email` varchar(29) NOT NULL,
  `Phone` varchar(29) NOT NULL,
  `Subject` varchar(100) NOT NULL
) ENGINE=InnoDB DEFAULT CHARSET=latin1;

--
-- Dumping data for table `contact`
--

INSERT INTO `contact` (`contact_id`, `Name`, `Email`, `Phone`, `Subject`) VALUES
(7, 'A.rahman Osman', 'Mucaad33@gmail.com', '252634188000', ' i like this Shopping site '),
(8, 'Abdirahman Ali Abdi', 'jananalibritish@gmail.com', '0252634138440', ' What a nice shopping site');

-- --------------------------------------------------------

--
-- Table structure for table `customer`
--

CREATE TABLE `customer` (
  `Cust_Id` int(15) NOT NULL,
  `FullName` varchar(25) NOT NULL DEFAULT '',
  `UserName` varchar(255) NOT NULL DEFAULT '',
  `Phone` varchar(25) NOT NULL DEFAULT '',
  `Email` varchar(55) NOT NULL DEFAULT '',
  `Password` varchar(20) NOT NULL DEFAULT '',
  `Re_Password` varchar(20) NOT NULL DEFAULT '',
  `Country` varchar(25) NOT NULL DEFAULT '',
  `City` varchar(25) NOT NULL DEFAULT '',
  `Adress` varchar(55) NOT NULL DEFAULT '',
  `PostalCode` varchar(25) NOT NULL DEFAULT ''
) ENGINE=InnoDB DEFAULT CHARSET=latin1;

--
-- Dumping data for table `customer`
--

INSERT INTO `customer` (`Cust_Id`, `FullName`, `UserName`, `Phone`, `Email`, `Password`, `Re_Password`, `Country`, `City`, `Adress`, `PostalCode`) VALUES
(17, 'Abdirahman Ali Abdi', 'admin', '063 4138440', 'jananalibritish@gmail.com', 'admin123', 'admin123', 'Somalia', 'Awdal', 'Hargeisa', '767u'),
(18, 'Abdirahman Osman', 'Osman', '+252-63-418440', 'Mucaad@gmail.com', 'osman123', 'osman123', 'Somalia', 'Awdal', 'Xalane', 'Borama201'),
(19, 'Janan Ali British', 'arabsiyo', '+252-63-4138440', 'Arabsiyo@gmail.com', 'arabsiyo123', 'arabsiyo123', 'Somalia', 'Woqooyi Galbeed', 'Arabsiyo', 'Hr103');

-- --------------------------------------------------------

--
-- Table structure for table `employee`
--

CREATE TABLE `employee` (
  `Employee_ID` int(95) NOT NULL,
  `Employee_Name` varchar(25) NOT NULL,
  `Username` varchar(25) NOT NULL,
  `Password` varchar(25) NOT NULL,
  `Picture` varchar(255) NOT NULL
) ENGINE=InnoDB DEFAULT CHARSET=latin1;

--
-- Dumping data for table `employee`
--

INSERT INTO `employee` (`Employee_ID`, `Employee_Name`, `Username`, `Password`, `Picture`) VALUES
(52, 'Janan Ali British', 'janan', 'admin123', 'jananka.jpg');

-- --------------------------------------------------------

--
-- Table structure for table `invoices`
--

CREATE TABLE `invoices` (
  `id` int(10) UNSIGNED NOT NULL,
  `code` varchar(20) DEFAULT NULL,
  `status` varchar(20) NOT NULL DEFAULT 'Due',
  `date_due` date DEFAULT NULL,
  `client` int(10) UNSIGNED DEFAULT NULL,
  `client_contact` int(10) UNSIGNED DEFAULT NULL,
  `client_address` int(10) UNSIGNED DEFAULT NULL,
  `client_phone` int(10) UNSIGNED DEFAULT NULL,
  `client_email` int(10) UNSIGNED DEFAULT NULL,
  `client_website` int(10) UNSIGNED DEFAULT NULL,
  `client_comments` int(10) UNSIGNED DEFAULT NULL,
  `subtotal` decimal(9,2) DEFAULT NULL,
  `discount` decimal(4,2) DEFAULT '0.00',
  `tax` decimal(9,2) DEFAULT NULL,
  `total` decimal(9,2) DEFAULT '0.00',
  `comments` text
) ENGINE=InnoDB DEFAULT CHARSET=latin1;

-- --------------------------------------------------------

--
-- Table structure for table `invoice_items`
--

CREATE TABLE `invoice_items` (
  `id` int(10) UNSIGNED NOT NULL,
  `invoice` int(10) UNSIGNED DEFAULT NULL,
  `item` varchar(200) DEFAULT NULL,
  `unit_price` decimal(9,2) DEFAULT '0.00',
  `qty` decimal(9,3) DEFAULT '1.000',
  `tax` decimal(4,2) DEFAULT '0.00',
  `price` decimal(9,2) DEFAULT NULL
) ENGINE=InnoDB DEFAULT CHARSET=latin1;

-- --------------------------------------------------------

--
-- Table structure for table `membership_grouppermissions`
--

CREATE TABLE `membership_grouppermissions` (
  `permissionID` int(10) UNSIGNED NOT NULL,
  `groupID` int(11) DEFAULT NULL,
  `tableName` varchar(100) DEFAULT NULL,
  `allowInsert` tinyint(4) DEFAULT NULL,
  `allowView` tinyint(4) NOT NULL DEFAULT '0',
  `allowEdit` tinyint(4) NOT NULL DEFAULT '0',
  `allowDelete` tinyint(4) NOT NULL DEFAULT '0'
) ENGINE=InnoDB DEFAULT CHARSET=latin1;

--
-- Dumping data for table `membership_grouppermissions`
--

INSERT INTO `membership_grouppermissions` (`permissionID`, `groupID`, `tableName`, `allowInsert`, `allowView`, `allowEdit`, `allowDelete`) VALUES
(1, 1, 'clients', 0, 0, 0, 0),
(2, 1, 'invoices', 0, 0, 0, 0),
(3, 1, 'invoice_items', 0, 0, 0, 0),
(4, 2, 'clients', 0, 0, 0, 0),
(5, 2, 'invoices', 0, 0, 0, 0),
(6, 2, 'invoice_items', 0, 0, 0, 0),
(7, 3, 'clients', 1, 3, 3, 3),
(8, 3, 'invoices', 1, 3, 3, 3),
(9, 3, 'invoice_items', 1, 3, 3, 3);

-- --------------------------------------------------------

--
-- Table structure for table `membership_groups`
--

CREATE TABLE `membership_groups` (
  `groupID` int(10) UNSIGNED NOT NULL,
  `name` varchar(20) DEFAULT NULL,
  `description` text,
  `allowSignup` tinyint(4) DEFAULT NULL,
  `needsApproval` tinyint(4) DEFAULT NULL
) ENGINE=InnoDB DEFAULT CHARSET=latin1;

--
-- Dumping data for table `membership_groups`
--

INSERT INTO `membership_groups` (`groupID`, `name`, `description`, `allowSignup`, `needsApproval`) VALUES
(1, 'anonymous', 'Anonymous group created automatically on 2014-08-17', 0, 0),
(2, 'anonymous', 'Anonymous group created automatically on 2014-08-17', 0, 0),
(3, 'Admins', 'Admin group created automatically on 2014-08-17', 0, 1);

-- --------------------------------------------------------

--
-- Table structure for table `membership_userrecords`
--

CREATE TABLE `membership_userrecords` (
  `recID` bigint(20) UNSIGNED NOT NULL,
  `tableName` varchar(100) DEFAULT NULL,
  `pkValue` varchar(255) DEFAULT NULL,
  `memberID` varchar(20) DEFAULT NULL,
  `dateAdded` bigint(20) UNSIGNED DEFAULT NULL,
  `dateUpdated` bigint(20) UNSIGNED DEFAULT NULL,
  `groupID` int(11) DEFAULT NULL
) ENGINE=InnoDB DEFAULT CHARSET=latin1;

-- --------------------------------------------------------

--
-- Table structure for table `membership_users`
--

CREATE TABLE `membership_users` (
  `memberID` varchar(20) NOT NULL,
  `passMD5` varchar(40) DEFAULT NULL,
  `email` varchar(100) DEFAULT NULL,
  `signupDate` date DEFAULT NULL,
  `groupID` int(10) UNSIGNED DEFAULT NULL,
  `isBanned` tinyint(4) DEFAULT NULL,
  `isApproved` tinyint(4) DEFAULT NULL,
  `custom1` text,
  `custom2` text,
  `custom3` text,
  `custom4` text,
  `comments` text
) ENGINE=InnoDB DEFAULT CHARSET=latin1;

--
-- Dumping data for table `membership_users`
--

INSERT INTO `membership_users` (`memberID`, `passMD5`, `email`, `signupDate`, `groupID`, `isBanned`, `isApproved`, `custom1`, `custom2`, `custom3`, `custom4`, `comments`) VALUES
('admin', '21232f297a57a5a743894a0e4a801fc3', 'admin@localhost', '2014-08-17', 3, 0, 1, '', '', '', '', 'Admin member created automatically on 2014-08-17'),
('guest', '', '', '2014-08-17', 1, 0, 1, '', '', '', '', 'Anonymous member created automatically on 2014-08-17');

-- --------------------------------------------------------

--
-- Table structure for table `payment`
--

CREATE TABLE `payment` (
  `order_ID` int(255) NOT NULL,
  `Full_Name` varchar(25) NOT NULL,
  `Email` varchar(55) NOT NULL,
  `Postal_Code` varchar(55) NOT NULL,
  `Address` varchar(55) NOT NULL,
  `Country` varchar(55) NOT NULL,
  `City` varchar(55) NOT NULL,
  `Phone` varchar(55) NOT NULL,
  `Warehouse_ID` int(255) NOT NULL,
  `Dilivery_Address` varchar(75) NOT NULL,
  `Total_Amount` varchar(55) NOT NULL
) ENGINE=InnoDB DEFAULT CHARSET=latin1;

--
-- Dumping data for table `payment`
--

INSERT INTO `payment` (`order_ID`, `Full_Name`, `Email`, `Postal_Code`, `Address`, `Country`, `City`, `Phone`, `Warehouse_ID`, `Dilivery_Address`, `Total_Amount`) VALUES
(1, 'Janan Ali British', 'jananalibritish@gmail.com', 'Ar102', 'Arabsiyo', 'SRB', 'Arabsiyo', '+252634138440', 8, 'Arabsiyo', ''),
(2, 'Abdirahman Osman', 'j@j.com', 'i', 'h', 'SOM', 'h', '9', 8, 'h', ''),
(3, 'Abdirahman Osman', 'jananalibri@gmail.com', '2522', 'hargeisa jigjiga yar', 'SOM', 'Hargeisa', '4138440', 8, '150 street end', '');

-- --------------------------------------------------------

--
-- Table structure for table `product`
--

CREATE TABLE `product` (
  `Product_ID` int(255) NOT NULL,
  `productName` varchar(77) NOT NULL,
  `Category_ID` int(255) NOT NULL,
  `Model` varchar(50) NOT NULL,
  `Type` varchar(50) NOT NULL,
  `Warehouse_ID` int(255) NOT NULL,
  `Description` varchar(500) NOT NULL,
  `Price` varchar(255) NOT NULL,
  `Picture` varchar(255) NOT NULL
) ENGINE=InnoDB DEFAULT CHARSET=latin1;

--
-- Dumping data for table `product`
--

INSERT INTO `product` (`Product_ID`, `productName`, `Category_ID`, `Model`, `Type`, `Warehouse_ID`, `Description`, `Price`, `Picture`) VALUES
(1, 'Black Tie', 44, 'Orange202', 'Orage Arabsiyo', 7, '', '3', '33.png'),
(2, 'Business Casual', 44, 'apple23', 'fruits', 7, '', '1', '44.png'),
(3, 'Waistcoat', 44, 'grap123', 'grape fruit', 7, '', '2', '55.png'),
(4, 'Semi Formal', 42, 'bav121', 'drinks', 8, '', '1', '66.png');

-- --------------------------------------------------------

--
-- Table structure for table `tblsongs`
--

CREATE TABLE `tblsongs` (
  `id` int(100) NOT NULL,
  `songsinger` varchar(100) DEFAULT NULL,
  `songfile` varchar(50) DEFAULT NULL,
  `songwriter` varchar(100) NOT NULL
) ENGINE=MyISAM DEFAULT CHARSET=latin1;

--
-- Dumping data for table `tblsongs`
--

INSERT INTO `tblsongs` (`id`, `songsinger`, `songfile`, `songwriter`) VALUES
(38, 'Parokya ', 'Parokya Ni Edgar - One And Only You.mp3', 'Parokya '),
(37, 'Amber Pacific', 'Amber Pacific - Falling Away.mp3', 'Them'),
(42, 'Parokya ', 'Parokya Ni Edgar - Gitara.mp3', 'Parokya '),
(43, 'Boyce Avenue', 'Boyce Avenue - Because of You.mp3', 'Boyce Avenue'),
(44, 'Boyce Avenue', 'Boyce Avenue - Every Breath.mp3', 'Boyce Avenue'),
(45, 'Eminem', 'Eminen 8 miles.mp3', 'Eminem');

-- --------------------------------------------------------

--
-- Table structure for table `tb_sign`
--

CREATE TABLE `tb_sign` (
  `id` varchar(255) NOT NULL,
  `fullname` varchar(30) NOT NULL,
  `contact` varchar(11) NOT NULL,
  `email` varchar(255) NOT NULL,
  `address` varchar(30) NOT NULL,
  `username` varchar(30) NOT NULL,
  `password` varchar(30) NOT NULL
) ENGINE=InnoDB DEFAULT CHARSET=latin1;

--
-- Dumping data for table `tb_sign`
--

INSERT INTO `tb_sign` (`id`, `fullname`, `contact`, `email`, `address`, `username`, `password`) VALUES
('1', 'Mark joseph', '090808', 'mjsalgado02@gmail.com', 'bilaran', 'ewan', 'ewan'),
('542578585845936', 'carnyl', '09061234878', 'moi2_11@yahoo.com', 'awdasdsa', 'CRN40', 'asd');

-- --------------------------------------------------------

--
-- Table structure for table `tb_user`
--

CREATE TABLE `tb_user` (
  `user_id` int(11) NOT NULL,
  `username` varchar(100) NOT NULL,
  `password` varchar(100) NOT NULL,
  `firstname` varchar(100) NOT NULL,
  `lastname` varchar(100) NOT NULL
) ENGINE=MyISAM DEFAULT CHARSET=latin1;

--
-- Dumping data for table `tb_user`
--

INSERT INTO `tb_user` (`user_id`, `username`, `password`, `firstname`, `lastname`) VALUES
(1, 'teph', 'teph', 'stephanie', 'villanueva');

-- --------------------------------------------------------

--
-- Table structure for table `warehouse`
--

CREATE TABLE `warehouse` (
  `Warehouse_ID` int(255) NOT NULL,
  `Country` varchar(25) NOT NULL,
  `City` varchar(25) NOT NULL,
  `Address` varchar(55) NOT NULL,
  `PostalCode` varchar(55) NOT NULL,
  `Email` varchar(35) NOT NULL,
  `Warehouse` varchar(55) NOT NULL
) ENGINE=InnoDB DEFAULT CHARSET=latin1;

--
-- Dumping data for table `warehouse`
--

INSERT INTO `warehouse` (`Warehouse_ID`, `Country`, `City`, `Address`, `PostalCode`, `Email`, `Warehouse`) VALUES
(7, '', 'Hargeisa', 'Hargeisa', 'Hr103', 'dollarstore@dollor.com', 'Som Food Stuff'),
(8, '', 'Hargeisa', 'Hargeisa', 'Hr202', 'ominco@omar.com', 'Som Bavarages'),
(9, '', 'Arabsiyo', 'Arabsiyo', 'Ar271', 'somstore@somestore.com', 'Som Home Staff'),
(10, '', 'Hargeisa', 'Hargeisa', 'Hr302', 'nation@gmail.com', 'Som Clothes');

--
-- Indexes for dumped tables
--

--
-- Indexes for table `category`
--
ALTER TABLE `category`
  ADD PRIMARY KEY (`Category_ID`);

--
-- Indexes for table `chatting`
--
ALTER TABLE `chatting`
  ADD PRIMARY KEY (`id`);

--
-- Indexes for table `clients`
--
ALTER TABLE `clients`
  ADD PRIMARY KEY (`id`);

--
-- Indexes for table `contact`
--
ALTER TABLE `contact`
  ADD PRIMARY KEY (`contact_id`);

--
-- Indexes for table `customer`
--
ALTER TABLE `customer`
  ADD PRIMARY KEY (`Cust_Id`),
  ADD UNIQUE KEY `UserName` (`UserName`);

--
-- Indexes for table `employee`
--
ALTER TABLE `employee`
  ADD PRIMARY KEY (`Employee_ID`);

--
-- Indexes for table `invoices`
--
ALTER TABLE `invoices`
  ADD PRIMARY KEY (`id`),
  ADD UNIQUE KEY `code` (`code`),
  ADD KEY `client` (`client`);

--
-- Indexes for table `invoice_items`
--
ALTER TABLE `invoice_items`
  ADD PRIMARY KEY (`id`),
  ADD KEY `invoice` (`invoice`);

--
-- Indexes for table `membership_grouppermissions`
--
ALTER TABLE `membership_grouppermissions`
  ADD PRIMARY KEY (`permissionID`);

--
-- Indexes for table `membership_groups`
--
ALTER TABLE `membership_groups`
  ADD PRIMARY KEY (`groupID`);

--
-- Indexes for table `membership_userrecords`
--
ALTER TABLE `membership_userrecords`
  ADD PRIMARY KEY (`recID`),
  ADD KEY `pkValue` (`pkValue`),
  ADD KEY `tableName` (`tableName`);

--
-- Indexes for table `membership_users`
--
ALTER TABLE `membership_users`
  ADD PRIMARY KEY (`memberID`);

--
-- Indexes for table `payment`
--
ALTER TABLE `payment`
  ADD PRIMARY KEY (`order_ID`),
  ADD KEY `Warehouse_ID` (`Warehouse_ID`);

--
-- Indexes for table `product`
--
ALTER TABLE `product`
  ADD PRIMARY KEY (`Product_ID`),
  ADD KEY `Category_ID` (`Category_ID`),
  ADD KEY `Warehouse_ID` (`Warehouse_ID`);

--
-- Indexes for table `tblsongs`
--
ALTER TABLE `tblsongs`
  ADD PRIMARY KEY (`id`);

--
-- Indexes for table `tb_sign`
--
ALTER TABLE `tb_sign`
  ADD PRIMARY KEY (`id`);

--
-- Indexes for table `tb_user`
--
ALTER TABLE `tb_user`
  ADD PRIMARY KEY (`user_id`);

--
-- Indexes for table `warehouse`
--
ALTER TABLE `warehouse`
  ADD PRIMARY KEY (`Warehouse_ID`),
  ADD UNIQUE KEY `Email` (`Email`),
  ADD UNIQUE KEY `PostalCode` (`PostalCode`);

--
-- AUTO_INCREMENT for dumped tables
--

--
-- AUTO_INCREMENT for table `category`
--
ALTER TABLE `category`
  MODIFY `Category_ID` int(255) NOT NULL AUTO_INCREMENT, AUTO_INCREMENT=46;

--
-- AUTO_INCREMENT for table `chatting`
--
ALTER TABLE `chatting`
  MODIFY `id` int(11) NOT NULL AUTO_INCREMENT, AUTO_INCREMENT=16;

--
-- AUTO_INCREMENT for table `clients`
--
ALTER TABLE `clients`
  MODIFY `id` int(10) UNSIGNED NOT NULL AUTO_INCREMENT;

--
-- AUTO_INCREMENT for table `contact`
--
ALTER TABLE `contact`
  MODIFY `contact_id` int(11) NOT NULL AUTO_INCREMENT, AUTO_INCREMENT=9;

--
-- AUTO_INCREMENT for table `customer`
--
ALTER TABLE `customer`
  MODIFY `Cust_Id` int(15) NOT NULL AUTO_INCREMENT, AUTO_INCREMENT=20;

--
-- AUTO_INCREMENT for table `employee`
--
ALTER TABLE `employee`
  MODIFY `Employee_ID` int(95) NOT NULL AUTO_INCREMENT, AUTO_INCREMENT=53;

--
-- AUTO_INCREMENT for table `invoices`
--
ALTER TABLE `invoices`
  MODIFY `id` int(10) UNSIGNED NOT NULL AUTO_INCREMENT;

--
-- AUTO_INCREMENT for table `invoice_items`
--
ALTER TABLE `invoice_items`
  MODIFY `id` int(10) UNSIGNED NOT NULL AUTO_INCREMENT;

--
-- AUTO_INCREMENT for table `membership_grouppermissions`
--
ALTER TABLE `membership_grouppermissions`
  MODIFY `permissionID` int(10) UNSIGNED NOT NULL AUTO_INCREMENT, AUTO_INCREMENT=10;

--
-- AUTO_INCREMENT for table `membership_groups`
--
ALTER TABLE `membership_groups`
  MODIFY `groupID` int(10) UNSIGNED NOT NULL AUTO_INCREMENT, AUTO_INCREMENT=4;

--
-- AUTO_INCREMENT for table `membership_userrecords`
--
ALTER TABLE `membership_userrecords`
  MODIFY `recID` bigint(20) UNSIGNED NOT NULL AUTO_INCREMENT;

--
-- AUTO_INCREMENT for table `payment`
--
ALTER TABLE `payment`
  MODIFY `order_ID` int(255) NOT NULL AUTO_INCREMENT, AUTO_INCREMENT=4;

--
-- AUTO_INCREMENT for table `product`
--
ALTER TABLE `product`
  MODIFY `Product_ID` int(255) NOT NULL AUTO_INCREMENT, AUTO_INCREMENT=11;

--
-- AUTO_INCREMENT for table `tblsongs`
--
ALTER TABLE `tblsongs`
  MODIFY `id` int(100) NOT NULL AUTO_INCREMENT, AUTO_INCREMENT=55;

--
-- AUTO_INCREMENT for table `tb_user`
--
ALTER TABLE `tb_user`
  MODIFY `user_id` int(11) NOT NULL AUTO_INCREMENT, AUTO_INCREMENT=3;

--
-- AUTO_INCREMENT for table `warehouse`
--
ALTER TABLE `warehouse`
  MODIFY `Warehouse_ID` int(255) NOT NULL AUTO_INCREMENT, AUTO_INCREMENT=11;

--
-- Constraints for dumped tables
--

--
-- Constraints for table `payment`
--
ALTER TABLE `payment`
  ADD CONSTRAINT `payment_ibfk_1` FOREIGN KEY (`Warehouse_ID`) REFERENCES `warehouse` (`Warehouse_ID`);

--
-- Constraints for table `product`
--
ALTER TABLE `product`
  ADD CONSTRAINT `product_ibfk_1` FOREIGN KEY (`Category_ID`) REFERENCES `category` (`Category_ID`),
  ADD CONSTRAINT `product_ibfk_2` FOREIGN KEY (`Warehouse_ID`) REFERENCES `warehouse` (`Warehouse_ID`);
COMMIT;

/*!40101 SET CHARACTER_SET_CLIENT=@OLD_CHARACTER_SET_CLIENT */;
/*!40101 SET CHARACTER_SET_RESULTS=@OLD_CHARACTER_SET_RESULTS */;
/*!40101 SET COLLATION_CONNECTION=@OLD_COLLATION_CONNECTION */;
